Job Number,License Number,Business Name,Street Address,Licensee,Licensee Name,City,State,County,Zip,Type,Accepted Date
"415031","","OLD TOWN TAVERN","7330 E MAIN STREET #100","","","SCOTTSDALE","Arizona","","85251","","2026-09-24T00:00:00"
"415032","","SUSHI BROKERS","350 N GILBERT Road #101","","","GILBERT","Arizona","","85233","","2026-09-24T00:00:00"
"414884","","SPRINGHILL SUITES BY MARRIOT GOODYEAR","1370 N BULLARD AVENUE ","","","GOODYEAR","Arizona","","85338","","2026-09-23T15:05:58"
"414900","","DC BAR & GRILL/DESERT CANYON GOLF CLUB","10440 N INDIAN WELLS Drive ","","","FOUNTAIN HILLS","Arizona","","85268","","2026-09-23T13:20:37"
"414892","","TUBAC GOLF RESORT","65 AVENIDA DE OTERO ","","","TUBAC","Arizona","","85621","","2026-09-23T12:36:51"
"414563","","RAMEN HOOD","1940 W CHANDLER Boulevard #12","","","CHANDLER","Arizona","","85224","","2026-09-23T11:06:12"
"414861","06100087","TUCSON GREYHOUND PARK","2601 S 3RD Avenue ","NOCTURNAL CREATURES LOUNGE LLC","","TUCSON","Arizona","Pima","85713","Bar","2026-09-23T00:00:00"
"414864","","CRUST SIMPLY","20819 N 25TH PLACE UNIT B103","","","PHOENIX","Arizona","","85050","","2026-09-23T00:00:00"
"414952","","SEDONA GOLF RESORT","35 RIDGE TRL Drive ","","","SEDONA","Arizona","","86351","","2026-09-23T00:00:00"
"414917","","TUBAC GOLF RESORT","65 AVENIDA DE OTERO ","","","TUBAC","Arizona","","85621","","2026-09-23T00:00:00"
"414904","","DC BAR & GRILL/DESERT CANYON GOLF CLUB","10440 N INDIAN WELLS Drive ","","","FOUNTAIN HILLS","Arizona","","85268","","2026-09-23T00:00:00"
"414913","","THE FLOWER BAR","4200 N CRAFTSMAN Court ","","","SCOTTSDALE","Arizona","","85251","","2026-09-23T00:00:00"
"414946","06130059","SEDONA GOLF RESORT","35 RIDGE TRL Drive ","","","SEDONA","Arizona","Yavapai","86351","Bar","2026-09-23T00:00:00"
"414899","07120006","TUBAC GOLF RESORT","65 AVENIDA DE OTERO ","","","TUBAC","Arizona","Santa Cruz","85621","Beer and Wine Bar","2026-09-23T00:00:00"
"414805","","WYATT EARP'S ORIENTAL SALOON & THEATER","437 E ALLEN  STREET ","","","TOMBSTONE","Arizona","","85638","","2026-09-22T00:00:00"
"414812","07070065","WHINING PIG","201 E WASHINGTON Street #104","D & K BILLARDS LLC ","","PHOENIX","Arizona","Maricopa","85004","Beer and Wine Bar","2026-09-22T00:00:00"
"414213","","ROSATI'S CHICAGO PIZZA ","1035 N ELLSWORTH ROAD  #103 ,#104","","","MESA","Arizona","","85207","","2026-09-21T11:49:12"
"414720","","RIPPLEPHX","1423  W INDIAN SCHOOL ROAD ","","","PHOENIX","Arizona","","85013","","2026-09-21T00:00:00"
"414599","","LOS HERMANOS","202 TOMBSTONE CANYON ","","","BISBEE","Arizona","","85603","","2026-09-19T11:00:02"
"414586","","EL RODEO MEXICAN FOOD","99 W ESPERANZA Boulevard ","","","GREEN VALLEY","Arizona","","85614","","2026-09-18T16:57:50"
"414560","","CALIENTE SOCIAL CLUB (CLUBHOUSE)","3543 N CALIENTE BOULEVARD ","","","FLORENCE","Arizona","","85132","","2026-09-18T00:00:00"
"414580","06090026","BLACK BULL RESTAURANT & SPORTS LOUNGE","4481 S WHITE MOUNTAIN ROAD #2","TWO HALVES LLC","","SHOW LOW","Arizona","Navajo","85901","Bar","2026-09-18T00:00:00"
"414558","","CALIENTE SOCIAL CLUB (CLUBHOUSE)","3520 SOUTH DAKOTA ","","","FLORENCE","Arizona","","85132","","2026-09-18T00:00:00"
"414556","","PROVINCE COMMUNITY ASSOCIATION ","20942 N PROVINCE PARKWAY ","","","MARICOPA","Arizona","","85138","","2026-09-18T00:00:00"
"414457","","HANSEN'S COWBOY BBQ","6245 E CAVE CREEK ROAD ","","","CAVE CREEK","Arizona","","85331","","2026-09-17T15:54:48"
"414425","06040052","ROOSEVELT MARINA","28085 N AZ HIGHWAY 188","ROOSEVELT LAKE FLATS RESTAURANT & BAR LLC","","ROOSEVELT","Arizona","Gila","85545","Bar","2026-09-17T00:00:00"
"414370","","FLYING E RANCH","2801 W WICKENBURG Way ","","","WICKENBURG","Arizona","","85390","","2026-09-16T16:29:11"
"414281","","TACOS Y MARISCOS TOPOLOBAMPO ","3108 W MCDOWELL Road ","","","PHOENIX","Arizona","","85009","","2026-09-16T00:00:00"
"414251","","HITCHING POST RESTAURANT","269 N SR 89A ","","","SEDONA","Arizona","","86336","","2026-09-15T00:00:00"
"414393","","CRAZY HORSE CAMPGROUNDS","1534 BEACHCOMBER BOULEVARD ","","","LAKE HAVASU CITY","Arizona","","86403","","2026-09-15T00:00:00"
"414288","","ANTHEM PARKSIDE AT MERRILL RANCH COMMUNITY ASSOCIATION INC","3200 N ANTHEM WAY ","","","FLORENCE","Arizona","","85132","","2026-09-15T00:00:00"
"414237","","THAI BASIL SCOTTSDALE","23359 N PIMA ROAD SUITE 143","","","SCOTTSDALE","Arizona","","85255","","2026-09-15T00:00:00"
"414400","","STONE & VINE URBAN ITALIAN","17001 N SCOTTSDALE Road ","","","SCOTTSDALE","Arizona","","85255","","2026-09-15T00:00:00"
"414498","","VOLANTI RESTAURANT AND LOUNGE","15000 N AIRPORT DRIVE ","","","SCOTTSDALE","Arizona","","85260","","2026-09-15T00:00:00"
"414095","","WRIGLEY MANSION CLUB","2501 E TELAWA TRAIL ","","","PHOENIX","Arizona","","85016","","2026-09-14T13:32:08"
"414133","","BETMGM SPORTSBOOK","9591  W SPORTSMAN'S  Park N ","","","GLENDALE ","Arizona","","85305","","2026-09-14T00:00:00"
"414115","","DIMAGGIO'S UPTOWN","100 E CAMELBACK Road #152","","","PHOENIX","Arizona","","85012","","2026-09-14T00:00:00"
"414048","07100240","HAMPTON INN TUCSON AIRPORT","6971 S TUCSON BOULEVARD ","","","TUCSON","Arizona","Pima","85756","Beer and Wine Bar","2026-09-14T00:00:00"
"414071","06140002","THE 928","1300 W 8TH Street ","THE 928 LLC","","YUMA","Arizona","Yuma","85364","Bar","2026-09-14T00:00:00"
"414087","06070420","BETMGM SPORTSBOOK","9591  W SPORTSMAN'S  Park N ","","","GLENDALE ","Arizona","Maricopa","85305","Bar","2026-09-14T00:00:00"
"410931","","ALDEN @ PHXART","1625 N CENTRAL AVENUE ","","","PHOENIX","Arizona","","85004","","2026-09-11T15:40:03"
"413451","","CURRIES","711 E 32ND Street ","","","YUMA","Arizona","","85365","","2026-09-11T15:11:38"
"413824","","LA BODEGA 23 SOMERTON LLC","346 W MAIN STREET ","","","SOMERTON","Arizona","","85350","","2026-09-10T11:14:31"
"413770","","HAMPTON INN BY HILTON PHOENIX AIRPORT NORTH ","601  N 44TH  Street ","","","PHOENIX","Arizona","","85008","","2026-09-10T10:28:00"
"413841","06070121","STAGE 12 WEST","12 W MAIN  Street ","STAGE 12 WEST LLC","","MESA","Arizona","Maricopa","85201","Bar","2026-09-10T00:00:00"
"413767","06070223","DOUBLETREE PHOENIX MIDTOWN","4000 N CENTRAL Avenue STE 120","REMINGTON PHOENIX MIDTOWN EMPLOYERS LLC","","PHOENIX","Arizona","Maricopa","85012","Bar","2026-09-09T00:00:00"
"413728","","TRAILRIDERS FAMILY RESTAURANT","140 N MAIN Street ","","","EAGAR","Arizona","","85925","","2026-09-09T00:00:00"
"411015","06130008","SOUTHERN BITES","2985 N CENTRE Court #B","89ER KITCHEN LLC","","PRESCOTT VALLEY","Arizona","Yavapai","86314","Bar","2026-09-09T00:00:00"
"412538","","MERA GREENFIELD (CLUBHOUSE)","4755 E SOUTHERN AVENUE ","","","MESA","Arizona","","85206","","2026-09-05T05:55:54"
"412527","","MEZCAL","13216 N 7TH STREET # 4","","","PHOENIX","Arizona","","85022","","2026-09-04T00:00:00"
"412284","06070616","SEAFOOD CITY SUPERMARKET","3177 W CHANDLER BOULEVARD #200","FORTUNE FOODS ARIZONA INC","","CHANDLER","Arizona","Maricopa","85226","Bar","2026-09-04T00:00:00"
"411564","","NISHIKAWA RAMEN","3141 E INDIAN SCHOOL  Road STE 110","","","PHOENIX","Arizona","","85016","","2026-09-03T18:06:22"
"412448","","TASTED BUDS KITCHEN PARADISE VALLEY","3131 E THUNDERBIRD ROAD STE 46","","","PHOENIX","Arizona","","85032","","2026-09-03T00:00:00"
"392693","","RESTAURANT LAS MARIAS","519 W THOMAS Road ","","","PHOENIX","Arizona","","85013","","2026-09-02T19:35:33"
"412290","","COPPER STATE BARBECUE COMPANY","14884 N PIMA ROAD #120","","","SCOTTSDALE","Arizona","","85260","","2026-09-02T11:10:48"
"410495","007070038896","THE WALK IN","235 N COUNTRY CLUB  DRIVE #B","THE WALK IN LLC","","MESA","Arizona","Maricopa","85201","Beer and Wine Bar","2026-09-02T00:00:00"
"412350","007070022990","OHSO BREWERY","335 N GILBERT ROAD ","FROSTY GILBERT LLC","","GILBERT","Arizona","Maricopa","85234","Beer and Wine Bar","2026-09-02T00:00:00"
"412234","","BELMONTEZ TEQUILA","9299 W OLIVE AVENUE STE 505","","","PEORIA","Arizona","","85345","","2026-09-01T16:16:21"
"408402","","SUSHI BROS","8841 N 19TH Avenue SUITE 4","","","PHOENIX","Arizona","","85021","","2026-09-01T13:15:21"
"412115","","PERSIAN ROOM FINE WINE & KEBAB","17040 N SCOTTSDALE Road ","","","SCOTTSDALE","Arizona","","85258","","2026-09-01T00:00:00"
"412232","","JP MCGURKEES SANDWICH SHOP ","2822 N 15TH Avenue ","","Theodore Theodoropoulos","PHOENIX","Arizona","","85007","","2026-09-01T00:00:00"
"412171","09100126","WALGREENS #06245","7877 E SNYDER ROAD ","WALGREEN ARIZONA DRUG CO","","TUCSON","Arizona","Pima","85750","Liquor Store","2026-09-01T00:00:00"
"412257","06110068","APEX MOTOR CLUB","22408 N RALSTON ROAD ","PRIVATE MOTORSPORTS GROUP LLC ","","MARICOPA","Arizona","Pinal","85139","Bar","2026-09-01T00:00:00"
"411694","","4 LOKOS BY SONORA GRILLING","712 S 4TH AVENUE ","","","YUMA","Arizona","","85364","","2026-08-31T00:00:00"
"411578","","CHILTEPINOS WINGS","800 W SHELL Road ","","","NOGALES","Arizona","","85621","","2026-08-30T20:24:15"
"411064","","PABLO'S","802 N 1ST AVENUE ","","","PHOENIX","Arizona","","85003","","2026-08-28T14:49:31"
"411280","","SAUCE PIZZA & WINE #5102","742 E GLENDALE Avenue #126","","","PHOENIX","Arizona","","85020","","2026-08-28T13:00:25"
"411455","","SAUCE PIZZA & WINE #5107","25 E CAMELBACK Road ","","","PHOENIX","Arizona","","85012","","2026-08-28T12:57:16"
"411529","","THE IRISH COWBOY ","305 N MAIN STREET ","","","FLORENCE","Arizona","","85132","","2026-08-28T00:00:00"
"411405","","LITCHFIELD SMOKE AND VAPE","1016 S LITCHFIELD Road ","","","GOODYEAR","Arizona","","85338","","2026-08-27T00:00:00"
"411305","","RISTORANTE GIUSEPPE ","13610 N SCOTTSDALE ROAD #9","","","SCOTTSDALE","Arizona","","85254","","2026-08-26T00:00:00"
"411219","06130031","JAKE RYANS","114 N MONTEZUMA Street ","JAKE RYANS LLC","","PRESCOTT","Arizona","Yavapai","86301","Bar","2026-08-26T00:00:00"
"411374","06100251","STONE EASY","123 S STONE AVENUE ","123 ENTERTAINMENT LLC","","TUCSON","Arizona","Pima","85701","Bar","2026-08-26T00:00:00"
"411251","","SORA SUSHI & JAPANESE DINING","780 W ELLIOT Road #104","","","TEMPE","Arizona","","85284","","2026-08-26T00:00:00"
"411148","","SPEEDWAY #2938","7335 S HOUGHTON Road ","","","TUCSON","Arizona","","85747","","2026-08-25T18:18:32"
"411256","","ANTOJITOS OAXAQUENOS EL CAMPESINO ","206 S MAIN Street ","","","COTTONWOOD","Arizona","","86326","","2026-08-25T00:00:00"
"411104","","YOSHI'S","4102 N 24TH STREET STE 4","","","PHOENIX","Arizona","","85016","","2026-08-25T00:00:00"
"411175","","JIN BBQ","111 S DOBSON Road #104","","","MESA","Arizona","","85202","","2026-08-25T00:00:00"
"411144","","HENSLEY BEVERAGE COMPANY","4450 N 45TH AVENUE #103","","","PHOENIX","Arizona","","85031","","2026-08-25T00:00:00"
"410792","","WALMART FUEL STATION #3089","11143 E DESTINATION AUTO DRIVE ","","","MESA","Arizona","","85212","","2026-08-24T08:45:04"
"411005","06030047","MORMON LAKE LODGE","1991 MORMON LAKE Road ","HAPPY JACK MORMON LAKE LODGE LLC","","MORMON LAKE","Arizona","Coconino","86038","Bar","2026-08-24T00:00:00"
"410844","","ALDI #179","19169 N JOHN WAYNE PARKWAY ","","","MARICOPA","Arizona","","85139","","2026-08-21T12:24:57"
"408335","","BELLA VISTA BY ANGELA","22135 N MISSION DRIVE ","","","SUN CITY WEST","Arizona","","85375","","2026-08-20T19:32:23"
"410674","","CIRCLE K STORE #2701535","2570 W HIGHWAY 89A ","","","SEDONA","Arizona","","86336","","2026-08-20T09:44:38"
"410721","","FEDERICO'S MEXICAN FOOD ","2640 S  99TH AVENUE #A","","","TOLLESON","Arizona","","85353","","2026-08-20T00:00:00"
"407273","006130023516","CRUNCH JAM LOFTS","116 N CORTEZ ","CRUNCH JAM LOFTS LLC","","PRESCOTT","Arizona","Yavapai","86301","Bar","2026-08-20T00:00:00"
"410689","09100059","CIRCLE K STORE #2709601","7630 S KOLB ROAD ","CIRCLE K STORES INC","","TUCSON","Arizona","Pima","85756","Liquor Store","2026-08-20T00:00:00"
"410682","09130027","CIRCLE K STORE #2709547","2820 W STATE ROUTE 89A ","CIRCLE K STORES INC","","SEDONA","Arizona","Yavapai","86336","Liquor Store","2026-08-20T00:00:00"
"410691","","INGO'S","3800 E SKY HARBOR  BOULEVARD T4 N2 F36","","","PHOENIX","Arizona","","85034","","2026-08-20T00:00:00"
"410699","","X MART-TUCSON","4701 E 29TH Street ","","","TUCSON","Arizona","","85711","","2026-08-20T00:00:00"
"398504","","EVR PORTER","17805 N PORTER ROAD #O1","","","MARICOPA","Arizona","","85138","","2026-08-19T20:13:48"
"410640","009070024367","COSTCO WHOLESALE #1834","4499 N PIMA ROAD ","COSTCO WHOLESALE CORP","","SCOTTSDALE","Arizona","Maricopa","85251","Liquor Store","2026-08-19T00:00:00"
"410564","","SKYLINE LIQUOR","1635 E FLORENCE BOULEVARD ","","Sarhad Kasmarogi","CASA GRANDE","Arizona","","85122","","2026-08-18T00:00:00"
"410562","","SKYLINE LIQUOR","1635 E FLORENCE BOULEVARD ","","Sarhad Kasmarogi","CASA GRANDE","Arizona","","85122","","2026-08-18T00:00:00"
"408065","","FIRESKY FARMS","12 SHOOTING STAR  LANE ","","","ELGIN","Arizona","","85611","","2026-08-17T16:02:22"
"401785","","EMBASSY SUITES PHOENIX-TEMPE","4400 S RURAL Road ","","","TEMPE","Arizona","","85282","","2026-08-17T13:11:08"
"409932","","VALLEY COFFEE COMPANY","100 W PORTLAND Street SPACE 108","","","PHOENIX","Arizona","","85003","","2026-08-15T12:37:49"
"410126","","MENDOCINO FARMS","4325 E INDIAN SCHOOL Road #150","","","PHOENIX","Arizona","","85018","","2026-08-14T17:32:30"
"410118","","MENDOCINO FARMS","16203 N SCOTTSDALE ROAD BLDG 8 #16D","","","SCOTTSDALE","Arizona","","85254","","2026-08-14T17:23:16"
"410101","","MENDOCINO FARMS","8777 N SCOTTSDALE ROAD #302","","","SCOTTSDALE","Arizona","","85258","","2026-08-14T17:12:24"
"410174","","7-ELEVEN #47406A","3152 E BELL ROAD ","","","PHOENIX","Arizona","","85032","","2026-08-14T11:54:17"
"410187","","KOR'S","4623  E THISTLE LANDING DRIVE ","","","PHOENIX","Arizona","","85044","","2026-08-14T10:27:48"
"407206","","PARKDRIVE","6 E ASPEN AVENUE STE 120","","","FLAGSTAFF","Arizona","","86001","","2026-08-14T08:03:49"
"410489","","URBAN AIR PEORIA","8235 W BELL ROAD ","","","PEORIA","Arizona","","85382","","2026-08-14T00:00:00"
"410211","","ORLIES TAPROOM","17543 N PORTER  ROAD ","","","MARICOPA","Arizona","","85138","","2026-08-14T00:00:00"
"410186","","SUPERIOR LIQUOR","831 S WESTERN AVENUE ","","","SUPERIOR","Arizona","","85173","","2026-08-14T00:00:00"
"410244","09070726","VIVA LIQUORS","2527 N 32ND Street ","VIVA LIQUORS LLC","","PHOENIX","Arizona","Maricopa","85008","Liquor Store","2026-08-14T00:00:00"
"409978","","VALLEY LIQUORS","1160 E UNIVERSITY DRIVE ","","","MESA","Arizona","","85203","","2026-08-13T13:39:17"
"410115","","GENERAL ADMISSION SCOTTSDALE ","3737  NORTH SCOTTSDALE  ROAD ","","","SCOTTSDALE ","Arizona","","85251","","2026-08-13T00:00:00"
"410076","","LOS MANJARES 73","11274 FORTUNA Road #I-1","","","YUMA","Arizona","","85367","","2026-08-13T00:00:00"
"410228","","SUN SUSHI AND GRILL ALL YOU CAN EAT","3301 W GREENWAY Road ","","","PHOENIX","Arizona","","85053","","2026-08-13T00:00:00"
"410238","","WAY STATION MEADERY","9280 E CORNVILLE  ROAD ","","","CORNVILLE ","Arizona","","86325","","2026-08-13T00:00:00"
"409982","","WILD HARE DISTILLERY","5869 S KYRENE Road STE 18","","","TEMPE","Arizona","","85283","","2026-08-12T13:01:59"
"409435","","LEVEL 1 ARCADE BAR","4 E UNIVERSITY Drive ","","","TEMPE","Arizona","","85281","","2026-08-12T10:02:35"
"409976","06110031","OCHOA'S RESTAURANT","512 E COTTONWOOD Lane ","RESTAURANTE OCHOA'S LLC","","CASA GRANDE","Arizona","Pinal","85222","Bar","2026-08-12T00:00:00"
"410049","","GROVE 95","5158 US 95 ","","","YUMA","Arizona","","85365","","2026-08-12T00:00:00"
"409975","","THE BACK NINE ","3805 W RIVER ROAD #151","","","TUCSON","Arizona","","85741","","2026-08-12T00:00:00"
"409864","","MAVERIK","4190 BUTLER  AVENUE ","","","FLAGSTAFF","Arizona","","86004","","2026-08-11T11:47:15"
"409837","","BISTRO BRUNCH COCINA MEXICANA ","5950 W MCDOWELL  ROAD #101","","","PHOENIX","Arizona","","85035","","2026-08-11T09:24:12"
"406427","","TOO SWEET CAKES","4598 E CACTUS ROAD #104 C","","","PHOENIX","Arizona","","85032","","2026-08-10T17:20:02"
"409708","","RANCHO CASTILLO","3266 AZ-82 ","","","SONOITA","Arizona","","85637","","2026-08-10T08:54:10"
"409819","","FIERY CRAB","7625 N LA CHOLLA Boulevard ","","","TUCSON","Arizona","","85741","","2026-08-10T00:00:00"
"409779","","YASHA FROM RUSSIA","10240 N 32ND Street ","","","PHOENIX","Arizona","","85028","","2026-08-10T00:00:00"
"407750","","DEPOT 89","23050 N HWY 89 ","","","PAULDEN","Arizona","","86334","","2026-08-10T00:00:00"
"407349","","GAUDENCIO TELLEZ FUENTES","3334 W FRAKTUR ROAD ","","Gaudencio Tellez Fuentes","PHOENIX","Arizona","","85041","","2026-08-09T18:08:48"
"408399","","SINCLAIR","320 W FLORENCE BOULEVARD ","","","CASA GRANDE","Arizona","","85122","","2026-08-07T17:47:04"
"409356","","BONITAS","4920 W THUNDERBIRD ROAD STE 100","","","GLENDALE","Arizona","","85306","","2026-08-07T15:00:54"
"409384","","RIO'S CAFE, BAR AND GRILL","22525 W HIGHWAY 71 ","","","CONGRESS","Arizona","","85332","","2026-08-07T12:59:44"
"409615","","GLOBE IN THE DARK","21001  N TATUM  BOULEVARD #34-1150","","","PHONEIX","Arizona","","85050","","2026-08-07T00:00:00"
"409733","","MY THAI BARBECUE","718 VISTA Avenue ","","","PAGE","Arizona","","86040","","2026-08-07T00:00:00"
"409634","06070388","GLOW SHOTS AND COCKTAILS ","414 S MILL Avenue STE 215","JZJ HOLDINGS LLC","","TEMPE","Arizona","Maricopa","85282","Bar","2026-08-07T00:00:00"
"409621","09070466","GET IT & GO LIQUOR","3125 W BUCKEYE ROAD ","GIG LIQUOR LLC","","PHOENIX","Arizona","Maricopa","85009","Liquor Store","2026-08-07T00:00:00"
"409404","","LA CUCINA","14692 N FRANK LLOYD WRIGHT Boulevard #147","","","SCOTTSDALE","Arizona","","85260","","2026-08-06T14:26:59"
"408489","","BAMBADA CAJUN SEAFOOD & K FOOD","2711 S ALMA SCHOOL Road #14","","","MESA","Arizona","","85210","","2026-08-06T10:08:23"
"408541","","PRIME NOW/AMAZON FRESH","4215 E BELL ROAD #105","","","PHOENIX","Arizona","","85032","","2026-08-05T17:04:47"
"408568","","PRIME NOW/AMAZON FRESH","1501 E APACHE Boulevard ","","","TEMPE","Arizona","","85281","","2026-08-05T16:48:37"
"408569","","MARISCOS Y SUSHI EL KORA #2 ","2151 N 83RD Avenue ","","","PHOENIX","Arizona","","85035","","2026-08-05T16:43:45"
"408473","007140014520","COSTA BAJA SEAFOOD","388 W 32ND STREET ","COSTA BAJA INC","","YUMA","Arizona","Yuma","85364","Beer and Wine Bar","2026-08-05T00:00:00"
"402729","07137000","THE BETSY","211 N GRANITE STREET ","THE BETSY PRESCOTT LLC","","PRESCOTT","Arizona","Yavapai","86301","Beer and Wine Bar","2026-08-05T00:00:00"
"408325","","COLDWATER SPRINGS GOLF CLUB","100 N CLUBHOUSE DRIVE ","","","AVONDALE","Arizona","","85323","","2026-08-04T12:31:06"
"406712","","CARIOCA SHELL #7","13935 W CACTUS ROAD ","","","SURPRISE","Arizona","","85379","","2026-08-04T09:55:42"
"406722","","CARIOCA SHELL #22","26594 W MC85 ","","","BUCKEYE","Arizona","","85326","","2026-08-04T09:52:55"
"408416","","THE LEMON GROVE","4200 E COUNTY 12TH STREET ","","","YUMA","Arizona","","85365","","2026-08-04T00:00:00"
"408414","","PUEBLO VIDA BREWING","121 E BROADWAY BOULEVARD ","","","TUCSON","Arizona","","85701","","2026-08-04T00:00:00"
"407407","","HOLBROOK CORNER","101 W HOPI DRIVE ","","","HOLBROOK","Arizona","","86025","","2026-08-03T16:21:04"
"407849","","PRIME TRAVEL CENTRE","6065 E FIRE GROUNDS ROAD ","","","KINGMAN","Arizona","","86401","","2026-08-03T00:00:00"
"407847","07070168","THE SACRED PINT","214 W MAIN  STREET ","THE SACRED PINT 214 LLC","","MESA","Arizona","Maricopa","85201","Beer and Wine Bar","2026-08-03T00:00:00"
"407834","007070027762","THE SACRED PINT","22020 S ELLSWORTH ROAD ","THE SACRED PINT 22020 LLC","","QUEEN CREEK","Arizona","Maricopa","85142","Beer and Wine Bar","2026-08-03T00:00:00"
"407412","","BAR LOUIE","2000 E RIO SALADO Parkway #1220","","","TEMPE","Arizona","","85281","","2026-07-31T10:59:44"
"407458","06070599","CASH NIGHTCLUB & LOUNGE","1730 E MCDOWELL ROAD ","LA HEFA OPERATING LLC","","PHOENIX","Arizona","Maricopa","85006","Bar","2026-07-31T00:00:00"
"407444","","HANAME SUSHI","4747 E ELLIOT ROAD #6","","","PHOENIX","Arizona","","85044","","2026-07-31T00:00:00"
"407418","","STAYBRIDGE SUITES PHOENIX NORTH I-17","2536 W BERYL Avenue ","","","PHOENIX","Arizona","","85021","","2026-07-31T00:00:00"
"407388","","FLOWER CHILD","1830 N BULLARD AVENUE ","","","GOODYEAR","Arizona","","85395","","2026-07-30T17:20:40"
"402703","","CASA RODRIGUEZ RESTAURANT & SUPER MARKET","16560 W AVRA VALLEY Road ","","","MARANA","Arizona","","85653","","2026-07-30T16:28:45"
"407360","006130013771","THE KROW'S NEST","1480 W ANNAS Avenue ","WAGBUSH LLC","","COTTONWOOD","Arizona","Yavapai","86326","Bar","2026-07-30T00:00:00"
"407175","007070034263","THE TRUCK@VERDE GREEN PAVILION","3945 E WILLIAMSFIELD ROAD ","VERDE KIOSK LLC","","GILBERT","Arizona","Maricopa","85295","Beer and Wine Bar","2026-07-30T00:00:00"
"407366","06070147","BAR LOUIE","6770 N SUNRISE Boulevard #G118","LOUIE RESTAURANTS LLC","","GLENDALE","Arizona","Maricopa","85305","Bar","2026-07-30T00:00:00"
"402734","","THE BETSY","211 N GRANITE STREET ","","","PRESCOTT","Arizona","","86301","","2026-07-29T12:01:51"
"406318","06070214","AHWATUKEE GOLF CLUB","12432 S 48TH STREET ","VWP AGC LICENSE LLC","","PHOENIX","Arizona","Maricopa","85044","Bar","2026-07-29T00:00:00"
"407186","","FLOWER CHILD","8226 W HAPPY VALLEY ROAD ","","","PEORIA","Arizona","","85383","","2026-07-28T17:20:16"
"407177","","THE BUZZED GOAT GILBERT","2795 S MARKET STREET #110","","","GILBERT","Arizona","","85295","","2026-07-28T16:26:23"
"407118","","OLIVE GARDEN ITALIAN RESTAURANT #6558","700 AZ-95 ","","","BULLHEAD CITY","Arizona","","86429","","2026-07-28T11:49:57"
"407152","","LA SOLANA CONDOMINIUMS - CLUBHOUSE","14950 W MOUNTAIN VIEW  BOULEVARD ","","","SURPRISE","Arizona","","85374","","2026-07-28T00:00:00"
"407104","","CURRIES INDIAN CUISINE AND BAR","10885 N FRANK LLOYD WRIGHT BOULEVARD ","","","SCOTTSDALE","Arizona","","85259","","2026-07-28T00:00:00"
"407082","","GOLD DIGGER SALOON","6116 SILVER CREEK ROAD ","","","OATMAN","Arizona","","86433","","2026-07-27T17:30:28"
"407059","","TURNEY NEIGHBORHOOD MARKET","710 E TURNEY Avenue ","","","PHOENIX","Arizona","","85014","","2026-07-27T13:49:29"
"406770","","ACE OF WINGZ","13875 N 83RD AVENUE ","","","PEORIA","Arizona","","85381","","2026-07-27T11:40:17"
"407012","","MINUTE LIQUOR STORE","2355 S 16TH Street ","","","PHOENIX","Arizona","","85034","","2026-07-27T00:00:00"
"407016","","THE SOUTH 40","40 AVENIDA GOYA ","","","TUBAC","Arizona","","85646","","2026-07-27T00:00:00"
"406879","","PHAT OX","4220 S 16TH STREET ","","","PHOENIX","Arizona","","85040","","2026-07-24T00:00:00"
"406898","07070332","GRAND CANYON ARENA","3300 W CAMELBACK ROAD ","ARAMARK EDUCATIONAL SERVICES, LLC","","PHOENIX","Arizona","Maricopa","85017","Beer and Wine Bar","2026-07-24T00:00:00"
"406762","","SIP COFFEE & BEER GARAGE/36 BELOW","3620 E INDIAN SCHOOL Road ","","","PHOENIX","Arizona","","85018","","2026-07-23T08:15:52"
"400715","","DOUBLE TREE BY HILTON TUCSON AT REID PARK","445 S ALVERNON WAY ","","","TUCSON","Arizona","","85711","","2026-07-22T20:16:02"
"405980","","SHIMA SUSHI","1902 E BASELINE ROAD #5","","","MESA","Arizona","","85204","","2026-07-22T12:20:39"
"406672","","SPRINGFIELD COMMUNITY ASSOCIATION","6495 S ST ANDREWS BOULEVARD ","","","CHANDLER","Arizona","","85249","","2026-07-22T08:49:18"
"406716","","BAD MIGUELS","1841 N KIOWA Avenue #C103","","","LAKE HAVASU CITY","Arizona","","86403","","2026-07-22T00:00:00"
"406653","","FA-ME CAFE ","2375 E CAMELBACK ROAD STE 115","","","PHOENIX","Arizona","","85016","","2026-07-21T16:40:15"
"400322","","SOCIAL TAP CHANDLER","135 W OCOTILLO Road ","","","CHANDLER","Arizona","","85248","","2026-07-21T15:16:17"
"406639","","BLUE DRAGON SMOKE & VAPE","430 N DOBSON ROAD #100 & 101","","","MESA","Arizona","","85201","","2026-07-21T14:58:38"
"406567","","RACHEL'S YOUNG AT ART STUDIO","7366 E SHEA Boulevard #112","","","SCOTTSDALE","Arizona","","85260","","2026-07-21T11:19:46"
"406605","09073626","PRIME LIQUOR","2044 E SOUTHERN Avenue ","PRIME LIQUOR LLC","","TEMPE","Arizona","Maricopa","85282","Liquor Store","2026-07-21T00:00:00"
"406735","","VOGANS SALOON LLC","437 E ALLEN  STREET ","","","TOMBSTONE","Arizona","","85638","","2026-07-21T00:00:00"
"406715","","CAMP RIFF","1794 W NEWELL STREET ","","","NACO","Arizona","","85620","","2026-07-21T00:00:00"
"406658","06100109","FROG & FIRKIN","874 E UNIVERSITY Boulevard ","RAETZ ENTERPRISES INC","","TUCSON","Arizona","Pima","85719","Bar","2026-07-21T00:00:00"
"406631","09116000","GOLD CANYON LIQUOR","6517 S KINGS RANCH Road ","GOLDFIELD LIQUOR LLC ","","GOLD CANYON","Arizona","Pinal","85118","Liquor Store","2026-07-21T00:00:00"
"406572","06070127","EMERSA","1503 N VERRADO WAY #101","SHIFT CHANGE LLC","","BUCKEYE","Arizona","Maricopa","85326","Bar","2026-07-21T00:00:00"
"406492","","ALL IN SPORTS BAR & GRILL","5350  W BELL  ROAD #123","","","GLENDALE ","Arizona","","85308","","2026-07-20T00:00:00"
"406478","","OX KOREAN BBQ ","1622 S STAPLEY Drive ","","","MESA","Arizona","","85204","","2026-07-20T00:00:00"
"404554","","ROXY'S BEACH BAR & CAFE ","1440 MCCULLOCH BOULEVARD N #301","","","LAKE HAVASU CITY","Arizona","","86403","","2026-07-16T17:50:57"
"406303","","BODEGA 23 PADEL CLUB","233 N AVENUE E ","","","SAN LUIS","Arizona","","85336","","2026-07-16T15:03:18"
"403286","","TACOS TIJUANA","3000 E RAY ROAD #105","","","GILBERT","Arizona","","85296","","2026-07-16T09:29:36"
"406315","","TACOS Y MARISCOS LA INDIA ","879 EAST B  STREET ","","","SAN LUIS","Arizona","","85336","","2026-07-16T00:00:00"
"406265","","MJ MINI MART ","1201 W HATCHER ROAD ","","","PHOENIX","Arizona","","85021","","2026-07-16T00:00:00"
"406358","","THE DASH","9619 N HAYDEN ROAD A101-102","","","SCOTTSDALE","Arizona","","85258","","2026-07-16T00:00:00"
"406216","","FEDERICO'S MEXICAN FOOD","2455 N PEBBLE CREEK PARKWAY ","","","GOODYEAR","Arizona","","85395","","2026-07-15T00:00:00"
"406253","06100252","CHICAGO BAR","5954 E SPEEDWAY Boulevard ","BUSINESS MONKEY LLC","","TUCSON","Arizona","Pima","85712","Bar","2026-07-15T00:00:00"
"406087","","LOLA","9375 W COYOTES BOULEVARD ","","","GLENDALE","Arizona","","85305","","2026-07-14T17:57:23"
"406056","","BLUE ZEBRA LOUNGE","322 E CAMELBACK ROAD ","","","PHOENIX","Arizona","","85012","","2026-07-14T15:20:14"
"406200","","APSARA ASIAN RESTAURANT","10555 W  INDIAN SCHOOL ROAD STE D101-102","","","AVONDALE","Arizona","","85392","","2026-07-14T00:00:00"
"405708","","ALLSUP'S #102511","420 EAST 16TH STREET ","","","DOUGLAS ","Arizona","","85607","","2026-07-13T16:47:46"
"402897","","THE CARRICK HOTEL","39 HOWELL AVENUE ","","","BISBEE","Arizona","","85603","","2026-07-13T12:43:28"
"405588","","THREE THIRTY THREE RESTAURANT","430 N SCOTTSDALE  ROAD #101","","","TEMPE","Arizona","","85281","","2026-07-13T08:04:08"
"405930","06070316","KILKENNY'S IRISH PUB","20736 E MUNOZ STREET #101","KILKENNY'S IRISH PUB LLC","","QUEEN CREEK","Arizona","Maricopa","85142","Bar","2026-07-13T00:00:00"
"401958","06070626","GRADUATE HOTEL","225 E APACHE Boulevard ","GR TEMPE HOTELS LLC","","TEMPE","Arizona","Maricopa","85281","Bar","2026-07-13T00:00:00"
"405792","09100197","GRAB N GO PIMA","4477 E 5TH Street ","GRAB N GO PIMA LIQUOR LLC","","TUCSON","Arizona","Pima","85711","Liquor Store","2026-07-10T00:00:00"
"404681","","VERDE SANTA FE COMMUNITY CLUBHOUSE ","635 S VERDE SANTA FE PARKWAY ","","","CORNVILLE","Arizona","","86325","","2026-07-09T12:53:50"
"405693","","BELL ROAD FOOD MART","1602 E BELL ROAD ","","","PHOENIX","Arizona","","85022","","2026-07-09T12:15:40"
"405632","","TACO GIRO","401 N CHIRICAHUA Road ","","","DOUGLAS","Arizona","","85607","","2026-07-08T00:00:00"
"405534","","SOJU STATION","1976 W SOUTHERN Avenue ","","","MESA","Arizona","","85202","","2026-07-07T00:00:00"
"408377","006040033214","TONTO APACHE PUB","100D E SCOUT LOOP ","TONTO APACHE TRIBE","","PAYSON","Arizona","Gila","85541","Bar","2026-07-07T00:00:00"
"405525","07150021","SOMEWHERE AZ","28100 HWY 72 ","STEVEN TODD SIEGNER","Steven Siegner","BOUSE","Arizona","La Paz","85325","Beer and Wine Bar","2026-07-07T00:00:00"
"405351","","BUDDHA'S BREW COFFEE CAFE","710 E MAIN Street ","","","MESA","Arizona","","85203","","2026-07-06T16:41:15"
"405363","","DEL MONTE MARKET","2659 W DOBBINS Road ","","","PHOENIX","Arizona","","85041","","2026-07-06T00:00:00"
"405428","06100180","ETIQUETTE","3702 E HARDY DRIVE ","BOOKER IS A PIG LLC ","","TUCSON","Arizona","Pima","85716","Bar","2026-07-06T00:00:00"
"405366","07040019","ROCKHOUSE RIVER RANCH","5732 N HWY 288 ","ROCKHOUSE RIVER OUTPOST LLC","","GLOBE","Arizona","Gila","85501","Beer and Wine Bar","2026-07-06T00:00:00"
"404665","","TAP HOUSE SPORTS GRILL","13699 N LITCHFIELD ROAD ","","","SURPRISE","Arizona","","85379","","2026-07-03T15:02:59"
"404605","","GRAB N GO PIMA","4477 E 5TH Street ","","","TUCSON","Arizona","","85711","","2026-07-02T00:00:00"
"404550","","B&R FISH SHOP","4343 E CAMELBACK ROAD #400","","","PHOENIX","Arizona","","85018","","2026-07-01T15:33:20"
"404506","","ALDI #183","6817 W PEORIA AVENUE ","","","PEORIA","Arizona","","85345","","2026-07-01T10:34:58"
"404248","","ROCK N ROLL SUSHI","15611 W MCDOWELL ROAD STE 110","","","GOODYEAR","Arizona","","85395","","2026-06-30T14:20:39"
"404219","","BJ'S RESTAURANT & BREWHOUSE","1565 N VERRADO WAY ","","","BUCKEYE","Arizona","","85396","","2026-06-30T11:56:24"
"404218","","FOGO DE CHAO CHURRASCARIA","14725 W GOODYEAR WAY ","","","GOODYEAR","Arizona","","85395","","2026-06-30T00:00:00"
"404249","07070487","ARIZONA TRADITIONS COMMUNITY CENTER","17221 N CITRUS ROAD ","COMPETITIVE HEALTH HOLDINGS LLC","","SURPRISE","Arizona","Maricopa","85374","Beer and Wine Bar","2026-06-30T00:00:00"
"410013","07070487","CENTER COURT PICKLEBALL CLUB","10220 N 90TH STREET #C","COMPETITIVE HEALTH HOLDINGS LLC","","SCOTTSDALE","Arizona","Maricopa","85258","Beer and Wine Bar","2026-06-30T00:00:00"
"404184","","IZUMI","3655 E SPEEDWAY BOULEVARD ","","","TUCSON","Arizona","","85716","","2026-06-29T18:48:59"
"404179","","5R WILMOT","7710 S WILMOT Road ","","","TUCSON","Arizona","","85756","","2026-06-29T17:06:52"
"404122","","BOTTLE & BEAN","2577 W QUEEN CREEK Road #100","","","CHANDLER","Arizona","","85248","","2026-06-29T00:00:00"
"404172","","EL PERICO","1328 E FLORENCE Boulevard ","","Graciela Salinas Tepuri ","CASA GRANDE","Arizona","","85122","","2026-06-29T00:00:00"
"404043","","DOROTHY","2870 E SKYLINE #190","","","TUCSON","Arizona","","85718","","2026-06-26T00:00:00"
"403972","","SPROUTS FARMERS MARKET #0058","10015 E OLD VAIL ROAD ","","","TUCSON","Arizona","","85747","","2026-06-25T13:55:24"
"403935","","SPROUTS FARMERS MARKET #0059","1110 W SOUTHERN AVENUE #1-6","","","MESA","Arizona","","85210","","2026-06-25T13:36:09"
"404021","06100157","EL REY","41390 S SASABE HIGHWAY ","EL REY CANTINA LLC","","SASABE","Arizona","Pima","85633","Bar","2026-06-25T00:00:00"
"403863","","VF Studio","15855 N GREENWAY HAYDEN LOOP SUITE 150","","","SCOTTSDALE","Arizona","","85260","","2026-06-24T21:49:02"
"403868","","CURRY PIZZA HOUSE ","3950 W RAY Road #1","","","CHANDLER","Arizona","","85226","","2026-06-24T15:55:34"
"403749","","LUCKY PENNY BBQ","47 N 6TH AVENUE ","","","TUCSON","Arizona","","85701","","2026-06-24T15:02:28"
"401073","","ALLSUP'S #102509","1151 N VIRGINIA AVENUE ","","","WILLCOX","Arizona","","85643","","2026-06-24T09:33:04"
"403769","","QUIKTRIP #1429","9875 W INDIAN SCHOOL ROAD ","","","PHOENIX","Arizona","","85037","","2026-06-23T20:30:31"
"403702","","FRENCH TOAST CAFE ","1245  W ELLIOT  ROAD #101","","","TEMPE","Arizona","","85254","","2026-06-23T09:51:47"
"403674","06070704","NORDSTROM MARKETPLACE CAFE","7055 E CAMELBACK Road #380","NORDSTROM INC","","SCOTTSDALE","Arizona","Maricopa","85251","Bar","2026-06-22T00:00:00"
"403578","06073603","DOVE VALLEY RANCH GOLF CLUB ","33750 N DOVE LAKES Drive ","WG DOVE VALLEY LLC ","","CAVE CREEK","Arizona","Maricopa","85331","Bar","2026-06-22T00:00:00"
"403226","","WHITE MOUNTAINS BREWING TAP ROOM","1488 WHITE MOUNTAIN BOULEVARD ","","","PINETOP","Arizona","","85935","","2026-06-19T14:07:29"
"403432","","SNOOZE","21791 S ELLSWORTH LOOP ROAD #102","","","QUEEN CREEK","Arizona","","85142","","2026-06-18T16:09:04"
"403378","","BARRO'S PIZZA","3323 E BASELINE ROAD ","","","PHOENIX","Arizona","","85042","","2026-06-17T00:00:00"
"401736","","ITZ-A WINGS","6837 E MAIN STREET ","","","MESA","Arizona","","85207","","2026-06-16T16:40:55"
"401929","06110054","LIQUOR FACTORY BAR & LOUNGE ","9674 W MONACO BOULEVARD #B","LIQUOR FACTORY BAR & LOUNGE LLC","","ARIZONA CITY","Arizona","Pinal","85123","Bar","2026-06-16T00:00:00"
"403090","","WICKED SEAFOOD AND MEATS GOURMET MARKET ","7609 E PINNACLE PEAK ROAD #C4 & C5","","","SCOTTSDALE","Arizona","","85255","","2026-06-15T13:02:45"
"402982","","ALDI #168","19605 W INDIAN SCHOOL ROAD ","","","BUCKEYE","Arizona","","85396","","2026-06-12T14:12:30"
"402758","","MINI SOCIAL","7116 E 5TH AVENUE ","","","SCOTTSDALE","Arizona","","85251","","2026-06-10T13:56:03"
"401753","","THE CAJUN CRAB","17275 N 79TH Avenue #100","","","GLENDALE","Arizona","","85308","","2026-06-09T18:00:09"
"385700","","WE DRINK TEQUILA","9801 S 51ST STREET #E03","","","PHOENIX","Arizona","","85044","","2026-06-08T15:17:48"
"401943","","ALDI #167","4727 E BELL ROAD #39","","","PHOENIX","Arizona","","85032","","2026-06-05T13:02:21"
"401686","","PALMERI DISTILLERY","841 E BEECHCRAFT BOULEVARD ","","","BISBEE","Arizona","","85603","","2026-06-03T10:44:41"
"400538","","TACO GIRO","13160 E COLOSSAL CAVE ROAD #100","","","VAIL","Arizona","","85641","","2026-06-01T12:34:13"
"398587","","PRE GAME SPORTS GRILL","4142 E CHANDLER BOULEVARD #105","","","PHOENIX","Arizona","","85048","","2026-06-01T12:02:25"
"401567","","BANGRAK","49 W THOMAS  Road ","","","PHOENIX ","Arizona","","85013","","2026-06-01T00:00:00"