category,company,phone,city
POS,Cervion Systems,877-476-7246,Phoenix
POS,DINEamics Restaurant POS,800-272-1479,Phoenix
Food distributor,Shamrock Foods,855-397-4255,Phoenix
Food distributor,Performance Foodservice Arizona,480-705-3000,Phoenix
Food distributor,US Foods Phoenix,602-269-7241,Phoenix
Food distributor,US Foods Systems,800-716-7691,Phoenix
Food distributor,Total Source Foodservice,602-231-8638,Phoenix
Food distributor,M&D Distributing,602-235-0078,Phoenix
Food distributor,Premier Foods Inc,602-253-2834,Phoenix
Food distributor,Uniko Foodservice,602-278-0232,Tolleson
Food distributor,S & S Gourmet Distributors,602-438-9240,Phoenix
Food distributor,Custom Food Service,602-254-1876,Phoenix
Beverage distributor,Breakthru Beverage Arizona,602-760-5500,Phoenix
Beverage distributor,Southern Glazer's Wine & Spirits,602-533-8000,Phoenix
Beverage distributor,Hensley Beverage Company,602-264-1635,Phoenix
Beverage distributor,Young's Market Company,602-233-1900,Phoenix
Beverage distributor,Action Wine & Spirits,480-661-3900,Phoenix
Beverage distributor,Silesia Brands,480-980-4080,Phoenix
Beverage distributor,Beer and Wine Distributors of Arizona,602-283-1036,Phoenix
Insurance,Bar and Restaurant Insurance (Ambassador),480-776-6981,Phoenix
Insurance,Contractors Insurance Agency,480-804-0707,Phoenix
Insurance,Brown & Brown Insurance of Arizona,602-277-6672,Phoenix
Insurance,Arizona Preferred Insurance,602-266-0020,Phoenix
Linen,Spectex AZ,602-730-4444,Phoenix
Linen,Specialty Textile Services,602-252-9230,Phoenix
Linen,Mission Linen and Uniform Service,602-271-9114,Phoenix
Linen,Brubaker Linens,602-492-1385,Phoenix
Linen,Mastel Linen,602-278-8997,Phoenix
Linen,CORE Linen Services,602-437-1051,Phoenix
Hood cleaning,Optimal Hood Cleaning,480-738-3142,Phoenix
Hood cleaning,A&S Hood Exhaust Cleaning,602-692-2861,Phoenix
Hood cleaning,Phx Hood Cleaning,602-960-7700,Phoenix
Hood cleaning,Sun Devil Hood & Exhaust Cleaning,602-900-8060,Phoenix
Hood cleaning,Kitchen Guard of Phoenix,602-536-4663,Phoenix
Hood cleaning,Hood Hero,602-341-3163,Gilbert
Hood cleaning,Phoenix Hood Cleaning Company,602-755-6925,Cave Creek
Equipment,Standard Restaurant Supply Phoenix,602-275-8550,Phoenix
Equipment,Standard Restaurant Supply Mesa,480-776-3599,Mesa
Equipment,EEL Economic Used Restaurant Equipment,480-448-2875,Phoenix
Equipment,Premier Restaurant Supply and Service,602-675-2968,Phoenix
Equipment,All Used Restaurant Equipment,602-997-6711,Phoenix
Equipment,Southwest Restaurant Supply,602-978-6711,Phoenix
Equipment,Alida Restaurant Supply,602-863-0688,Phoenix
Equipment,Phoenix Used Restaurant Equipment,602-471-9749,Glendale
Refrigeration,Commercial Refrigeration Service Inc,623-869-8881,Phoenix
Refrigeration,Platinum Refrigeration,602-675-3906,Phoenix
Refrigeration,AccuTemp Refrigeration,602-957-3745,Phoenix
Refrigeration,Frost Refrigeration Engineering,602-657-3835,Phoenix
Refrigeration,Arizona Refrigeration Service,602-905-2621,Tempe
Refrigeration,Adams Refrigeration,602-269-6447,Phoenix
Refrigeration,Northern Arizona Refrigeration,623-936-8777,Tolleson
Refrigeration,Andrews Refrigeration,602-992-9560,Glendale
Refrigeration,AC and Refrigeration Tempe,480-890-0848,Tempe
Payroll,Journey Payroll & HR,480-699-2729,Phoenix
Payroll,Trigon Staff Administrators,602-358-0300,Phoenix
Payroll,Consolidated Personnel Services,602-230-8940,Phoenix
Payroll,PayTech,602-788-1317,Scottsdale
Payroll,Paycom Phoenix,877-268-6480,Phoenix
Payroll,eBacon,833-432-2266,Phoenix
Payroll,Perfectus Payroll & HR,602-609-5562,Tempe
Payroll,G&A Partners Phoenix,602-932-9972,Phoenix
Payroll,Total Employer Solutions,602-955-5502,Phoenix
Signage,Associated Sign Company,602-278-8464,Phoenix
Signage,Davis Signs & Graphics,480-945-0196,Phoenix
Signage,Budget Signs,602-342-9611,Phoenix
Signage,Arizona Custom Signworks,602-325-3205,Phoenix
Signage,Epic Signs,602-264-5800,Phoenix
Signage,FASTSIGNS Central East Phoenix,602-497-2792,Phoenix
Signage,A Precise Sign,602-278-2906,Phoenix
Signage,Royal Sign Company,602-278-6286,Phoenix
Signage,FASTSIGNS Central Downtown,602-962-1855,Phoenix
POS,NEXT LEVEL POS,480-678-9808,Tempe
POS,RPOWER Point of Sale,480-425-2222,Scottsdale
POS,Point of Success,800-752-3565,Mesa
POS,SMART Systems Pro,877-457-6278,Phoenix
Consulting,Dine Consulting,480-227-5321,Scottsdale
Food distributor,US Foods CHEF'STORE Tempe,480-838-1199,Tempe
Food distributor,Shamrock Foodservice Warehouse Mesa,480-447-0477,Mesa
Food distributor,Arizona Restaurants Wholesale,480-868-1844,Mesa
Food distributor,JFC International Phoenix,480-785-0255,Tempe
Food distributor,Diversified Foodservice Supply,847-558-6642,Mesa
Food distributor,The Chefs' Warehouse Tempe,626-465-4200,Tempe
Food distributor,Restaurant Depot Mesa,480-834-4063,Mesa
Insurance,Inszone Insurance Services,480-348-2200,Scottsdale
Insurance,Hutch Insurance Agency,480-305-7368,Scottsdale
Insurance,Van Leer & Edwards Insurance,480-776-6989,Scottsdale
Insurance,Tatum Insurance,480-939-4300,Scottsdale
Insurance,VIP Insurance Services,480-696-6438,Scottsdale
Linen,Alsco Uniforms Phoenix,602-497-0686,Phoenix
Linen,Prudential Cleanroom Services,623-562-1085,Mesa
Hood cleaning,Bare Metal Standard Chandler,480-650-4012,Chandler
Hood cleaning,AJL Hood Cleaning & Exhaust,480-486-9141,Mesa
Hood cleaning,Southwest Commercial Hood Cleaning,602-332-4444,Mesa
Equipment,Restaurant Equipment Hunter,602-909-6359,Mesa
Equipment,Western Foodservice Equipment & Design,480-731-9140,Gilbert
Equipment,Restaurant Supply Tempe Distribution Center,855-838-1010,Tempe
Grease trap,Camelback Grease,602-922-1665,Phoenix
Grease trap,AAA Ajax Pumping Service,602-278-0075,Phoenix
Grease trap,American Pumping Services,602-456-2954,Phoenix
Grease trap,A-American Septic Service,602-462-5858,Phoenix
Grease trap,AZ Grease Services,602-476-2796,Phoenix
Grease trap,ALLPRO by Denali,623-776-3230,Glendale
Pest control,Blackwood Pest Solutions,833-897-2847,Tempe
Pest control,Insectek Pest Solutions,602-293-8965,Phoenix
Pest control,Responsible Pest & Scorpion Control,602-858-5178,Chandler
Pest control,Simply Green Pest Control,480-550-9220,Chandler
Pest control,Firehouse Pest Control,480-877-0175,Gilbert
Pest control,Bills Pest Termite Control,602-308-4510,Phoenix
Pest control,ACTION Termite & Pest Control,602-858-5204,Phoenix
Pest control,Property Pest Control,480-245-6422,Gilbert
Pest control,Phoenix Pest & Termite Control,480-374-1527,Phoenix
Marketing,EDC Agency (Eat Drink Creative),480-531-9211,Scottsdale
Marketing,The James Agency,480-248-6710,Scottsdale
Marketing,HVH Media & Marketing,,Scottsdale
Marketing,ReThinc Advertising,480-268-9588,Phoenix
Marketing,Bar Marketing Basics,602-540-0128,Scottsdale
Marketing,Phoenix AZ Ad Agency,,Phoenix
Marketing,Fanntastic Media,602-881-9067,Phoenix
Marketing,The Felice Agency,602-875-5664,Phoenix
Marketing,Affordable Image Marketing,800-639-1622,Phoenix
Build-out contractor,WDS Commercial Contractor,602-319-5282,Phoenix
Build-out contractor,Concept Commercial Construction,480-632-2381,Gilbert
Build-out contractor,Princeton Construction,602-603-1102,Phoenix
Build-out contractor,D&J Construction Services,602-308-9333,Phoenix
Build-out contractor,Infinity General Contractors,602-960-7311,Phoenix
Build-out contractor,P.J. Hussey Construction,623-934-2424,Phoenix
Build-out contractor,F1 Contracting,602-800-2107,Phoenix
Fire protection,Service 1st Fire Protection,623-582-3369,Phoenix
Fire protection,Western States Fire Protection,602-272-2200,Phoenix
Fire protection,Cintas Fire Protection Phoenix,480-447-0053,Phoenix
Fire protection,The Hiller Companies Phoenix,888-222-0532,Phoenix
Fire protection,Summit Fire Protection Tempe,480-966-9178,Tempe
Fire protection,Reliable Fire Protection,602-642-5051,Phoenix
Fire protection,Phoenix Fire Protection LLC,602-668-8832,Phoenix
Fire protection,AZ Quality Fire & Safety,602-492-2736,Phoenix
Kitchen design,Culinary Design Concepts,602-777-6255,Phoenix
Kitchen design,Chef Kitchen Designs,978-561-9703,Phoenix
Kitchen design,Studio Pring,602-616-0495,Phoenix
Consulting,AZ Restaurant Consulting,602-699-5131,Scottsdale
Commissary kitchen,BLT Kitchens,602-887-9544,Phoenix
Commissary kitchen,Phoenix Commercial Kitchen,602-759-7995,Phoenix
Commissary kitchen,Our Community Kitchen,480-743-4640,Mesa
Restaurant broker,The Restaurant Brokers,480-491-0123,Tempe
Restaurant broker,Arizona Restaurant Sales,480-809-3200,Scottsdale
Restaurant broker,Arizona Restaurant & Bar Brokers,602-635-3535,Scottsdale
Commercial real estate,Terrafirma Commercial Real Estate,480-664-6462,Scottsdale
Commercial real estate,LevRose Commercial Real Estate,480-947-0600,Scottsdale
Commercial real estate,Keyser Commercial Real Estate,602-953-9737,Scottsdale
Commercial real estate,Jim Lieberthal SIOR,480-529-6400,Phoenix
Liquor license consultant,Arizona Liquor Industry Consultants,480-730-2675,Mesa
Liquor license consultant,AE Liquor License Service,623-302-2234,Avondale
CPA,Larry B. Betts CPA,602-216-0076,Phoenix
CPA,Cavazos Accounting and Consulting,602-399-7775,Phoenix
CPA,Numbers Matter Tax & Accounting,602-635-9825,Phoenix
CPA,Duran Business Group,480-248-6755,Phoenix
CPA,METZ CPA,602-944-6353,Phoenix
CPA,YBCo CPA,623-243-1272,Phoenix
CPA,Vista Accounting,602-505-6941,Phoenix
CPA,Phoenix Accounting Services,602-680-7612,Phoenix
Coffee wholesale,Riviera Wholesale Coffee,480-802-8077,Chandler
Coffee wholesale,Espressions Coffee Roastery,602-424-3099,Phoenix
Coffee wholesale,WeBe Coffee Roasters,602-888-4168,Phoenix
Coffee wholesale,Alchemy Roast,734-904-7584,Mesa
Coffee wholesale,Froth Coffee Roasters,602-829-0376,Phoenix
Coffee wholesale,Coffee Support,,Phoenix
Produce,Willie Itule Produce,602-252-7258,Phoenix
Produce,Pantano Produce,602-254-5437,Phoenix
Produce,Arizona Marketing Produce Distributors,602-809-6776,Phoenix
Produce,BC Produce,602-675-2932,Phoenix
Produce,Charlie's Produce Phoenix,602-268-6628,Phoenix
Produce,Commander Produce,602-296-7577,Phoenix
Produce,Scottsdale Specialty Produce,480-704-4481,Phoenix
Produce,Grand Avenue Produce,602-254-8643,Peoria
Meat & seafood,Amigos Meat Distributors,602-273-3172,Phoenix
Meat & seafood,Bronco Meats,602-233-1000,Phoenix
Meat & seafood,Pacific Seafood Phoenix,602-268-3313,Phoenix
Meat & seafood,Harvest Meat Co,623-936-0020,Phoenix
Meat & seafood,US Foods Stock Yards Meat,602-269-7241,Phoenix
Meat & seafood,Phoenix Meats,602-353-8502,Phoenix
Meat & seafood,VIP Meats & Seafood,602-489-0268,Phoenix
Ice & equipment,Easy Ice Phoenix,602-898-3626,Phoenix
Ice & equipment,Ice Age Refrigeration,602-551-6195,Tempe
Ice & equipment,Jim Kidwell Refrigeration,602-843-8203,Scottsdale
Ice & equipment,Taylor Freezer Sales of Arizona,602-276-1733,Phoenix
Ice & equipment,Mobile Cooler,602-345-1150,Phoenix
